12,39,JNrNLY765coqFV+06LJsKROFp+Q=,DjDmmxyh5HHmKZGpBf0TK77qab8=
14,32,JNrNLY765coqFV+06LJsKROFp+Q=,cCPkJuOX4N5LYouMn3juBiHmUnQ=
15,36,JNrNLY765coqFV+06LJsKROFp+Q=,mjTeuO/swg7uEwV1Bjv5HV6GzNo=
15,35,JNrNLY765coqFV+06LJsKROFp+Q=,Ie9CHj+AF7a+L2FViCowooFW718=
15,34,JNrNLY765coqFV+06LJsKROFp+Q=,Ie9CHj+AF7a+L2FViCowooFW718=
14,33,JNrNLY765coqFV+06LJsKROFp+Q=,cCPkJuOX4N5LYouMn3juBiHmUnQ=
14,35,JNrNLY765coqFV+06LJsKROFp+Q=,Ie9CHj+AF7a+L2FViCowooFW718=
14,41,JNrNLY765coqFV+06LJsKROFp+Q=,WANzrvHLfvdSkqdNsTFypJx1UYs=
15,41,JNrNLY765coqFV+06LJsKROFp+Q=,WANzrvHLfvdSkqdNsTFypJx1UYs=
15,38,JNrNLY765coqFV+06LJsKROFp+Q=,+GABgWf8fyIrLBYPgXgivNKmNcw=
15,37,JNrNLY765coqFV+06LJsKROFp+Q=,mjTeuO/swg7uEwV1Bjv5HV6GzNo=
15,33,JNrNLY765coqFV+06LJsKROFp+Q=,cCPkJuOX4N5LYouMn3juBiHmUnQ=
14,34,JNrNLY765coqFV+06LJsKROFp+Q=,Ie9CHj+AF7a+L2FViCowooFW718=
14,36,JNrNLY765coqFV+06LJsKROFp+Q=,mjTeuO/swg7uEwV1Bjv5HV6GzNo=
13,38,JNrNLY765coqFV+06LJsKROFp+Q=,DjDmmxyh5HHmKZGpBf0TK77qab8=
14,40,JNrNLY765coqFV+06LJsKROFp+Q=,WANzrvHLfvdSkqdNsTFypJx1UYs=
15,32,JNrNLY765coqFV+06LJsKROFp+Q=,cCPkJuOX4N5LYouMn3juBiHmUnQ=
15,40,JNrNLY765coqFV+06LJsKROFp+Q=,WANzrvHLfvdSkqdNsTFypJx1UYs=
13,39,JNrNLY765coqFV+06LJsKROFp+Q=,DjDmmxyh5HHmKZGpBf0TK77qab8=
15,39,JNrNLY765coqFV+06LJsKROFp+Q=,+GABgWf8fyIrLBYPgXgivNKmNcw=
14,39,JNrNLY765coqFV+06LJsKROFp+Q=,+GABgWf8fyIrLBYPgXgivNKmNcw=
14,37,JNrNLY765coqFV+06LJsKROFp+Q=,mjTeuO/swg7uEwV1Bjv5HV6GzNo=
14,38,JNrNLY765coqFV+06LJsKROFp+Q=,+GABgWf8fyIrLBYPgXgivNKmNcw=
12,38,JNrNLY765coqFV+06LJsKROFp+Q=,DjDmmxyh5HHmKZGpBf0TK77qab8=
30,32,j2drLEvUpjF2OvkK9MO4sNerl90=,hLbV/OihpHffNsXebf7RHWREvag=
30,33,j2drLEvUpjF2OvkK9MO4sNerl90=,hLbV/OihpHffNsXebf7RHWREvag=
31,32,j2drLEvUpjF2OvkK9MO4sNerl90=,hLbV/OihpHffNsXebf7RHWREvag=
31,33,j2drLEvUpjF2OvkK9MO4sNerl90=,hLbV/OihpHffNsXebf7RHWREvag=
26,40,j2drLEvUpjF2OvkK9MO4sNerl90=,3TmzccNg/8A/E/4VLwWRMrWq6kY=
27,40,j2drLEvUpjF2OvkK9MO4sNerl90=,3TmzccNg/8A/E/4VLwWRMrWq6kY=
28,40,j2drLEvUpjF2OvkK9MO4sNerl90=,LWG7m+BMU/oYvNnWtPgGwvhiIJQ=
28,39,j2drLEvUpjF2OvkK9MO4sNerl90=,iStIcNkwUz5BRQp55v92gsej7Qg=
25,39,j2drLEvUpjF2OvkK9MO4sNerl90=,GrdpY0Ad9nTUJ3nGStvF1fp+Jqo=
27,39,j2drLEvUpjF2OvkK9MO4sNerl90=,7LycxyZH6L8oGQH6rRCjsn7jUDI=
26,39,j2drLEvUpjF2OvkK9MO4sNerl90=,7LycxyZH6L8oGQH6rRCjsn7jUDI=
30,39,j2drLEvUpjF2OvkK9MO4sNerl90=,Jl93pcX3HKCoOQyM5xqRQjTo96c=
30,40,j2drLEvUpjF2OvkK9MO4sNerl90=,MEOnllEyElqlR+DwSVhwzNy/a8g=
29,39,j2drLEvUpjF2OvkK9MO4sNerl90=,iStIcNkwUz5BRQp55v92gsej7Qg=
29,40,j2drLEvUpjF2OvkK9MO4sNerl90=,LWG7m+BMU/oYvNnWtPgGwvhiIJQ=
27,41,j2drLEvUpjF2OvkK9MO4sNerl90=,3TmzccNg/8A/E/4VLwWRMrWq6kY=
26,41,j2drLEvUpjF2OvkK9MO4sNerl90=,3TmzccNg/8A/E/4VLwWRMrWq6kY=
27,38,j2drLEvUpjF2OvkK9MO4sNerl90=,7LycxyZH6L8oGQH6rRCjsn7jUDI=
28,38,j2drLEvUpjF2OvkK9MO4sNerl90=,iStIcNkwUz5BRQp55v92gsej7Qg=
28,41,j2drLEvUpjF2OvkK9MO4sNerl90=,LWG7m+BMU/oYvNnWtPgGwvhiIJQ=
29,41,j2drLEvUpjF2OvkK9MO4sNerl90=,LWG7m+BMU/oYvNnWtPgGwvhiIJQ=
24,38,j2drLEvUpjF2OvkK9MO4sNerl90=,GrdpY0Ad9nTUJ3nGStvF1fp+Jqo=
25,38,j2drLEvUpjF2OvkK9MO4sNerl90=,GrdpY0Ad9nTUJ3nGStvF1fp+Jqo=
26,38,j2drLEvUpjF2OvkK9MO4sNerl90=,7LycxyZH6L8oGQH6rRCjsn7jUDI=
23,38,j2drLEvUpjF2OvkK9MO4sNerl90=,gjoav73XQnEWByEntVOBNxcouwA=
30,41,j2drLEvUpjF2OvkK9MO4sNerl90=,MEOnllEyElqlR+DwSVhwzNy/a8g=
31,41,j2drLEvUpjF2OvkK9MO4sNerl90=,MEOnllEyElqlR+DwSVhwzNy/a8g=
29,38,j2drLEvUpjF2OvkK9MO4sNerl90=,iStIcNkwUz5BRQp55v92gsej7Qg=
16,41,j2drLEvUpjF2OvkK9MO4sNerl90=,3rA0d0F/e/Vu5uh6uSMKlDIYyn0=
17,41,j2drLEvUpjF2OvkK9MO4sNerl90=,3rA0d0F/e/Vu5uh6uSMKlDIYyn0=
30,38,j2drLEvUpjF2OvkK9MO4sNerl90=,Jl93pcX3HKCoOQyM5xqRQjTo96c=
31,38,j2drLEvUpjF2OvkK9MO4sNerl90=,Jl93pcX3HKCoOQyM5xqRQjTo96c=
23,39,j2drLEvUpjF2OvkK9MO4sNerl90=,gjoav73XQnEWByEntVOBNxcouwA=
22,38,j2drLEvUpjF2OvkK9MO4sNerl90=,gjoav73XQnEWByEntVOBNxcouwA=
21,38,j2drLEvUpjF2OvkK9MO4sNerl90=,SYQCgyZT/4HQLnDMltM8f0so0qk=
20,39,j2drLEvUpjF2OvkK9MO4sNerl90=,SYQCgyZT/4HQLnDMltM8f0so0qk=
19,39,j2drLEvUpjF2OvkK9MO4sNerl90=,KVkMU7Le+x9Tjbljn7MgjYUttrQ=
24,39,j2drLEvUpjF2OvkK9MO4sNerl90=,GrdpY0Ad9nTUJ3nGStvF1fp+Jqo=
31,40,j2drLEvUpjF2OvkK9MO4sNerl90=,MEOnllEyElqlR+DwSVhwzNy/a8g=
31,39,j2drLEvUpjF2OvkK9MO4sNerl90=,Jl93pcX3HKCoOQyM5xqRQjTo96c=
21,39,j2drLEvUpjF2OvkK9MO4sNerl90=,SYQCgyZT/4HQLnDMltM8f0so0qk=
19,38,j2drLEvUpjF2OvkK9MO4sNerl90=,KVkMU7Le+x9Tjbljn7MgjYUttrQ=
17,40,j2drLEvUpjF2OvkK9MO4sNerl90=,3rA0d0F/e/Vu5uh6uSMKlDIYyn0=
20,38,j2drLEvUpjF2OvkK9MO4sNerl90=,SYQCgyZT/4HQLnDMltM8f0so0qk=
18,39,j2drLEvUpjF2OvkK9MO4sNerl90=,KVkMU7Le+x9Tjbljn7MgjYUttrQ=
16,40,j2drLEvUpjF2OvkK9MO4sNerl90=,3rA0d0F/e/Vu5uh6uSMKlDIYyn0=
16,38,j2drLEvUpjF2OvkK9MO4sNerl90=,XEKcAN4pg7ttHyW7v7xEcJZvj58=
22,39,j2drLEvUpjF2OvkK9MO4sNerl90=,gjoav73XQnEWByEntVOBNxcouwA=
17,38,j2drLEvUpjF2OvkK9MO4sNerl90=,XEKcAN4pg7ttHyW7v7xEcJZvj58=
17,39,j2drLEvUpjF2OvkK9MO4sNerl90=,XEKcAN4pg7ttHyW7v7xEcJZvj58=
18,38,j2drLEvUpjF2OvkK9MO4sNerl90=,KVkMU7Le+x9Tjbljn7MgjYUttrQ=
16,39,j2drLEvUpjF2OvkK9MO4sNerl90=,XEKcAN4pg7ttHyW7v7xEcJZvj58=
